"mu1";"mu2";"epsilon1.npreg";"epsilon1.glu";"epsilon2.npreg";"epsilon2.glu";"pi1";"pi2"
"npreg";2.92676056338028;4.70056497175141;7.76863213177369;4.61988541418;15.3586928608115;-9.87336286594761;0.667293233082707;0.332706766917293
"glu";110.016901408451;143.118644067797;4.61988541418;589.852820880083;-9.87336286594761;977.502889060092;0.667293233082707;0.332706766917293
